accessed_at,bpom_regulation,btp_name_raw,confidence_level,dataset,functional_category,ins_number,record_id,source_url,verification_status
2026-09-15T06:36:25.664905+00:00,Peraturan BPOM Nomor 11 Tahun 2019 tentang Bahan Tambahan Pangan,"Asam miristat, palmitat dan stearat dan garamnya (Myristic, palmitic & stearic acids and their salts): Asam miristat, palmitat dan stearat dan garamnya (kalsium, kalium, dan natrium (Ca, K, Na) (Myristic, palmitic & stearic acids",high,btp_regulation,Antikempal,470(i),bpom-btp-1,https://jdih.pom.go.id/download/rule/848/11/2019/Bahan%20Tambahan%20Pangan,extracted from official BPOM regulation Annex I; review OCR/text segmentation before production use
2026-09-15T06:36:25.664905+00:00,Peraturan BPOM Nomor 11 Tahun 2019 tentang Bahan Tambahan Pangan,Magnesium stearat (Magnesium stearate),high,btp_regulation,Antikempal,470(iii),bpom-btp-2,https://jdih.pom.go.id/download/rule/848/11/2019/Bahan%20Tambahan%20Pangan,extracted from official BPOM regulation Annex I; review OCR/text segmentation before production use
2026-09-15T06:36:25.664905+00:00,Peraturan BPOM Nomor 11 Tahun 2019 tentang Bahan Tambahan Pangan,"Garam-garam dari asam oleat dengan kalsium, kalium dan natrium (Ca, K, Na)",high,btp_regulation,Antikempal,470(ii),bpom-btp-3,https://jdih.pom.go.id/download/rule/848/11/2019/Bahan%20Tambahan%20Pangan,extracted from official BPOM regulation Annex I; review OCR/text segmentation before production use
2026-09-15T06:36:25.664905+00:00,Peraturan BPOM Nomor 11 Tahun 2019 tentang Bahan Tambahan Pangan,Magnesium karbonat (Magnesium,high,btp_regulation,Antikempal,504(i),bpom-btp-4,https://jdih.pom.go.id/download/rule/848/11/2019/Bahan%20Tambahan%20Pangan,extracted from official BPOM regulation Annex I; review OCR/text segmentation before production use
2026-09-15T06:36:25.664905+00:00,Peraturan BPOM Nomor 11 Tahun 2019 tentang Bahan Tambahan Pangan,Tokoferol (Tocopherol): d-alfa tokoferol (d-alpha-Tocopherol ) 307a Tokoferol campuran pekat (Mixed tocopherol 307b concentrate) dl-alfa tokoferol (dl-alpha Tocopherol) 307c Gama tokoferol (Gamma Tocopherol),high,btp_regulation,Antioksidan,308,bpom-btp-5,https://jdih.pom.go.id/download/rule/848/11/2019/Bahan%20Tambahan%20Pangan,extracted from official BPOM regulation Annex I; review OCR/text segmentation before production use
2026-09-15T06:36:25.664905+00:00,Peraturan BPOM Nomor 11 Tahun 2019 tentang Bahan Tambahan Pangan,Butil hidrokinon tersier/TBHQ (Tertiary,high,btp_regulation,Antioksidan,319,bpom-btp-6,https://jdih.pom.go.id/download/rule/848/11/2019/Bahan%20Tambahan%20Pangan,extracted from official BPOM regulation Annex I; review OCR/text segmentation before production use
2026-09-15T06:36:25.664905+00:00,Peraturan BPOM Nomor 11 Tahun 2019 tentang Bahan Tambahan Pangan,Butil hidroksi anisol/BHA (Butylated,high,btp_regulation,Antioksidan,320,bpom-btp-7,https://jdih.pom.go.id/download/rule/848/11/2019/Bahan%20Tambahan%20Pangan,extracted from official BPOM regulation Annex I; review OCR/text segmentation before production use
2026-09-15T06:36:25.664905+00:00,Peraturan BPOM Nomor 11 Tahun 2019 tentang Bahan Tambahan Pangan,Butil hidroksi toluen/BHT (Butylated,high,btp_regulation,Antioksidan,321,bpom-btp-8,https://jdih.pom.go.id/download/rule/848/11/2019/Bahan%20Tambahan%20Pangan,extracted from official BPOM regulation Annex I; review OCR/text segmentation before production use
2026-09-15T06:36:25.664905+00:00,Peraturan BPOM Nomor 11 Tahun 2019 tentang Bahan Tambahan Pangan,Natrium dihidrogen sitrat (Sodium,high,btp_regulation,Garam Pengemulsi,331(i),bpom-btp-9,https://jdih.pom.go.id/download/rule/848/11/2019/Bahan%20Tambahan%20Pangan,extracted from official BPOM regulation Annex I; review OCR/text segmentation before production use
2026-09-15T06:36:25.664905+00:00,Peraturan BPOM Nomor 11 Tahun 2019 tentang Bahan Tambahan Pangan,Kalium dihidrogen sitrat (Potassium,high,btp_regulation,Garam Pengemulsi,332(i),bpom-btp-10,https://jdih.pom.go.id/download/rule/848/11/2019/Bahan%20Tambahan%20Pangan,extracted from official BPOM regulation Annex I; review OCR/text segmentation before production use
2026-09-15T06:36:25.664905+00:00,Peraturan BPOM Nomor 11 Tahun 2019 tentang Bahan Tambahan Pangan,Monokalium fosfat (Monopotassium,high,btp_regulation,Garam Pengemulsi,340(i),bpom-btp-11,https://jdih.pom.go.id/download/rule/848/11/2019/Bahan%20Tambahan%20Pangan,extracted from official BPOM regulation Annex I; review OCR/text segmentation before production use
2026-09-15T06:36:25.664905+00:00,Peraturan BPOM Nomor 11 Tahun 2019 tentang Bahan Tambahan Pangan,Tetrakalium difosfat (Tetrapotassium,high,btp_regulation,Garam Pengemulsi,450(v),bpom-btp-12,https://jdih.pom.go.id/download/rule/848/11/2019/Bahan%20Tambahan%20Pangan,extracted from official BPOM regulation Annex I; review OCR/text segmentation before production use
2026-09-15T06:36:25.664905+00:00,Peraturan BPOM Nomor 11 Tahun 2019 tentang Bahan Tambahan Pangan,Natrium tripolifosfat (Sodium,high,btp_regulation,Garam Pengemulsi,451(i),bpom-btp-13,https://jdih.pom.go.id/download/rule/848/11/2019/Bahan%20Tambahan%20Pangan,extracted from official BPOM regulation Annex I; review OCR/text segmentation before production use
2026-09-15T06:36:25.664905+00:00,Peraturan BPOM Nomor 11 Tahun 2019 tentang Bahan Tambahan Pangan,Kalium tripolifosfat (Potassium,high,btp_regulation,Garam Pengemulsi,451(ii),bpom-btp-14,https://jdih.pom.go.id/download/rule/848/11/2019/Bahan%20Tambahan%20Pangan,extracted from official BPOM regulation Annex I; review OCR/text segmentation before production use
2026-09-15T06:36:25.664905+00:00,Peraturan BPOM Nomor 11 Tahun 2019 tentang Bahan Tambahan Pangan,Ester asam lemak dan diasetiltartrat dari gliserol (Diacetyltartaric and fatty acid 472e esters of glycerol) 25. Natrium glukonat (Sodium gluconate),high,btp_regulation,Garam Pengemulsi,576,bpom-btp-15,https://jdih.pom.go.id/download/rule/848/11/2019/Bahan%20Tambahan%20Pangan,extracted from official BPOM regulation Annex I; review OCR/text segmentation before production use
2026-09-15T06:36:25.664905+00:00,Peraturan BPOM Nomor 11 Tahun 2019 tentang Bahan Tambahan Pangan,Lilin mikrokristalin (Microcrystalline wax) 905c(i) 6. Pullulan (Pullulan) 1,high,btp_regulation,Pelapis,204,bpom-btp-16,https://jdih.pom.go.id/download/rule/848/11/2019/Bahan%20Tambahan%20Pangan,extracted from official BPOM regulation Annex I; review OCR/text segmentation before production use
2026-09-15T06:36:25.664905+00:00,Peraturan BPOM Nomor 11 Tahun 2019 tentang Bahan Tambahan Pangan,Sorbitol Sirup (Sorbitol syrup),high,btp_regulation,Pemanis,420(ii),bpom-btp-17,https://jdih.pom.go.id/download/rule/848/11/2019/Bahan%20Tambahan%20Pangan,extracted from official BPOM regulation Annex I; review OCR/text segmentation before production use
2026-09-15T06:36:25.664905+00:00,Peraturan BPOM Nomor 11 Tahun 2019 tentang Bahan Tambahan Pangan,Maltitol sirup (Maltitol syrup),high,btp_regulation,Pemanis,965(ii),bpom-btp-18,https://jdih.pom.go.id/download/rule/848/11/2019/Bahan%20Tambahan%20Pangan,extracted from official BPOM regulation Annex I; review OCR/text segmentation before production use
2026-09-15T06:36:25.664905+00:00,Peraturan BPOM Nomor 11 Tahun 2019 tentang Bahan Tambahan Pangan,Kalsium siklamat (Calcium cyclamate),high,btp_regulation,Pemanis,952(ii),bpom-btp-19,https://jdih.pom.go.id/download/rule/848/11/2019/Bahan%20Tambahan%20Pangan,extracted from official BPOM regulation Annex I; review OCR/text segmentation before production use
2026-09-15T06:36:25.664905+00:00,Peraturan BPOM Nomor 11 Tahun 2019 tentang Bahan Tambahan Pangan,Natrium siklamat (Sodium cyclamate),high,btp_regulation,Pemanis,952(iv),bpom-btp-20,https://jdih.pom.go.id/download/rule/848/11/2019/Bahan%20Tambahan%20Pangan,extracted from official BPOM regulation Annex I; review OCR/text segmentation before production use
2026-09-15T06:36:25.664905+00:00,Peraturan BPOM Nomor 11 Tahun 2019 tentang Bahan Tambahan Pangan,Kalsium sakarin (Calcium saccharin),high,btp_regulation,Pemanis,954(ii),bpom-btp-21,https://jdih.pom.go.id/download/rule/848/11/2019/Bahan%20Tambahan%20Pangan,extracted from official BPOM regulation Annex I; review OCR/text segmentation before production use
2026-09-15T06:36:25.664905+00:00,Peraturan BPOM Nomor 11 Tahun 2019 tentang Bahan Tambahan Pangan,Kalium sakarin (Potassium saccharin),high,btp_regulation,Pemanis,954(iii),bpom-btp-22,https://jdih.pom.go.id/download/rule/848/11/2019/Bahan%20Tambahan%20Pangan,extracted from official BPOM regulation Annex I; review OCR/text segmentation before production use
2026-09-15T06:36:25.664905+00:00,Peraturan BPOM Nomor 11 Tahun 2019 tentang Bahan Tambahan Pangan,Natrium sakarin (Sodium saccharin),high,btp_regulation,Pemanis,954(iv),bpom-btp-23,https://jdih.pom.go.id/download/rule/848/11/2019/Bahan%20Tambahan%20Pangan,extracted from official BPOM regulation Annex I; review OCR/text segmentation before production use
2026-09-15T06:36:25.664905+00:00,Peraturan BPOM Nomor 11 Tahun 2019 tentang Bahan Tambahan Pangan,Sukrosa asetat isobutirat (Sucrose acetate,high,btp_regulation,Pembawa,444,bpom-btp-24,https://jdih.pom.go.id/download/rule/848/11/2019/Bahan%20Tambahan%20Pangan,extracted from official BPOM regulation Annex I; review OCR/text segmentation before production use
2026-09-15T06:36:25.664905+00:00,Peraturan BPOM Nomor 11 Tahun 2019 tentang Bahan Tambahan Pangan,Selulosa mikrokristalin (Microcrystalline,high,btp_regulation,Pembuih,460(i),bpom-btp-25,https://jdih.pom.go.id/download/rule/848/11/2019/Bahan%20Tambahan%20Pangan,extracted from official BPOM regulation Annex I; review OCR/text segmentation before production use
2026-09-15T06:36:25.664905+00:00,Peraturan BPOM Nomor 11 Tahun 2019 tentang Bahan Tambahan Pangan,Asam sitrat (Citric acid),high,btp_regulation,Pengatur Keasaman,330,bpom-btp-26,https://jdih.pom.go.id/download/rule/848/11/2019/Bahan%20Tambahan%20Pangan,extracted from official BPOM regulation Annex I; review OCR/text segmentation before production use
2026-09-15T06:36:25.664905+00:00,Peraturan BPOM Nomor 11 Tahun 2019 tentang Bahan Tambahan Pangan,Dinatrium monohidrogen sitrat (Disodium,high,btp_regulation,Pengatur Keasaman,331(ii),bpom-btp-27,https://jdih.pom.go.id/download/rule/848/11/2019/Bahan%20Tambahan%20Pangan,extracted from official BPOM regulation Annex I; review OCR/text segmentation before production use
2026-09-15T06:36:25.664905+00:00,Peraturan BPOM Nomor 11 Tahun 2019 tentang Bahan Tambahan Pangan,Trinatrium sitrat (Trisodium citrate),high,btp_regulation,Pengatur Keasaman,331(iii),bpom-btp-28,https://jdih.pom.go.id/download/rule/848/11/2019/Bahan%20Tambahan%20Pangan,extracted from official BPOM regulation Annex I; review OCR/text segmentation before production use
2026-09-15T06:36:25.664905+00:00,Peraturan BPOM Nomor 11 Tahun 2019 tentang Bahan Tambahan Pangan,Trikalium sitrat (Tripotassium citrate),high,btp_regulation,Pengatur Keasaman,332(ii),bpom-btp-29,https://jdih.pom.go.id/download/rule/848/11/2019/Bahan%20Tambahan%20Pangan,extracted from official BPOM regulation Annex I; review OCR/text segmentation before production use
2026-09-15T06:36:25.664905+00:00,Peraturan BPOM Nomor 11 Tahun 2019 tentang Bahan Tambahan Pangan,Trikalsium sitrat (Tricalcium citrate),high,btp_regulation,Pengatur Keasaman,333(iii),bpom-btp-30,https://jdih.pom.go.id/download/rule/848/11/2019/Bahan%20Tambahan%20Pangan,extracted from official BPOM regulation Annex I; review OCR/text segmentation before production use
2026-09-15T06:36:25.664905+00:00,Peraturan BPOM Nomor 11 Tahun 2019 tentang Bahan Tambahan Pangan,Natrium hidrogen malat (Sodium hydrogen,high,btp_regulation,Pengatur Keasaman,350(i),bpom-btp-31,https://jdih.pom.go.id/download/rule/848/11/2019/Bahan%20Tambahan%20Pangan,extracted from official BPOM regulation Annex I; review OCR/text segmentation before production use
2026-09-15T06:36:25.664905+00:00,Peraturan BPOM Nomor 11 Tahun 2019 tentang Bahan Tambahan Pangan,Asam adipat (Adipic acid),high,btp_regulation,Pengatur Keasaman,355,bpom-btp-32,https://jdih.pom.go.id/download/rule/848/11/2019/Bahan%20Tambahan%20Pangan,extracted from official BPOM regulation Annex I; review OCR/text segmentation before production use
2026-09-15T06:36:25.664905+00:00,Peraturan BPOM Nomor 11 Tahun 2019 tentang Bahan Tambahan Pangan,Natrium adipat (Sodium adipates),high,btp_regulation,Pengatur Keasaman,356,bpom-btp-33,https://jdih.pom.go.id/download/rule/848/11/2019/Bahan%20Tambahan%20Pangan,extracted from official BPOM regulation Annex I; review OCR/text segmentation before production use
2026-09-15T06:36:25.664905+00:00,Peraturan BPOM Nomor 11 Tahun 2019 tentang Bahan Tambahan Pangan,Kalium adipat (Potassium adipate),high,btp_regulation,Pengatur Keasaman,357,bpom-btp-34,https://jdih.pom.go.id/download/rule/848/11/2019/Bahan%20Tambahan%20Pangan,extracted from official BPOM regulation Annex I; review OCR/text segmentation before production use
2026-09-15T06:36:25.664905+00:00,Peraturan BPOM Nomor 11 Tahun 2019 tentang Bahan Tambahan Pangan,Asam sorbat dan garamnya (Sorbic acid and its salts): Asam sorbat (Sorbic acid),high,btp_regulation,Pengawet,200,bpom-btp-35,https://jdih.pom.go.id/download/rule/848/11/2019/Bahan%20Tambahan%20Pangan,extracted from official BPOM regulation Annex I; review OCR/text segmentation before production use
2026-09-15T06:36:25.664905+00:00,Peraturan BPOM Nomor 11 Tahun 2019 tentang Bahan Tambahan Pangan,Natrium sorbat (Sodium sorbate),high,btp_regulation,Pengawet,201,bpom-btp-36,https://jdih.pom.go.id/download/rule/848/11/2019/Bahan%20Tambahan%20Pangan,extracted from official BPOM regulation Annex I; review OCR/text segmentation before production use
2026-09-15T06:36:25.664905+00:00,Peraturan BPOM Nomor 11 Tahun 2019 tentang Bahan Tambahan Pangan,Kalium sorbat (Potassium sorbate),high,btp_regulation,Pengawet,202,bpom-btp-37,https://jdih.pom.go.id/download/rule/848/11/2019/Bahan%20Tambahan%20Pangan,extracted from official BPOM regulation Annex I; review OCR/text segmentation before production use
2026-09-15T06:36:25.664905+00:00,Peraturan BPOM Nomor 11 Tahun 2019 tentang Bahan Tambahan Pangan,Kalsium sorbat (Calcium sorbate),high,btp_regulation,Pengawet,203,bpom-btp-38,https://jdih.pom.go.id/download/rule/848/11/2019/Bahan%20Tambahan%20Pangan,extracted from official BPOM regulation Annex I; review OCR/text segmentation before production use
2026-09-15T06:36:25.664905+00:00,Peraturan BPOM Nomor 11 Tahun 2019 tentang Bahan Tambahan Pangan,Asam benzoat dan garamnya (Benzoic acid and its salts): Asam benzoat (Benzoic acid),high,btp_regulation,Pengawet,210,bpom-btp-39,https://jdih.pom.go.id/download/rule/848/11/2019/Bahan%20Tambahan%20Pangan,extracted from official BPOM regulation Annex I; review OCR/text segmentation before production use
2026-09-15T06:36:25.664905+00:00,Peraturan BPOM Nomor 11 Tahun 2019 tentang Bahan Tambahan Pangan,Natrium benzoat (Sodium benzoate),high,btp_regulation,Pengawet,211,bpom-btp-40,https://jdih.pom.go.id/download/rule/848/11/2019/Bahan%20Tambahan%20Pangan,extracted from official BPOM regulation Annex I; review OCR/text segmentation before production use
2026-09-15T06:36:25.664905+00:00,Peraturan BPOM Nomor 11 Tahun 2019 tentang Bahan Tambahan Pangan,Kalium benzoat (Potassium benzoate),high,btp_regulation,Pengawet,212,bpom-btp-41,https://jdih.pom.go.id/download/rule/848/11/2019/Bahan%20Tambahan%20Pangan,extracted from official BPOM regulation Annex I; review OCR/text segmentation before production use
2026-09-15T06:36:25.664905+00:00,Peraturan BPOM Nomor 11 Tahun 2019 tentang Bahan Tambahan Pangan,Kalsium benzoat (Calcium benzoate ),high,btp_regulation,Pengawet,213,bpom-btp-42,https://jdih.pom.go.id/download/rule/848/11/2019/Bahan%20Tambahan%20Pangan,extracted from official BPOM regulation Annex I; review OCR/text segmentation before production use
2026-09-15T06:36:25.664905+00:00,Peraturan BPOM Nomor 11 Tahun 2019 tentang Bahan Tambahan Pangan,Etil para-hidroksibenzoat (Ethyl para-,high,btp_regulation,Pengawet,214,bpom-btp-43,https://jdih.pom.go.id/download/rule/848/11/2019/Bahan%20Tambahan%20Pangan,extracted from official BPOM regulation Annex I; review OCR/text segmentation before production use
2026-09-15T06:36:25.664905+00:00,Peraturan BPOM Nomor 11 Tahun 2019 tentang Bahan Tambahan Pangan,Metil para-hidroksibenzoat (Methyl para,high,btp_regulation,Pengawet,218,bpom-btp-44,https://jdih.pom.go.id/download/rule/848/11/2019/Bahan%20Tambahan%20Pangan,extracted from official BPOM regulation Annex I; review OCR/text segmentation before production use
2026-09-15T06:36:25.664905+00:00,Peraturan BPOM Nomor 11 Tahun 2019 tentang Bahan Tambahan Pangan,Sulfit (Sulphites): Belerang dioksida (Sulphur dioxide),high,btp_regulation,Pengawet,220,bpom-btp-45,https://jdih.pom.go.id/download/rule/848/11/2019/Bahan%20Tambahan%20Pangan,extracted from official BPOM regulation Annex I; review OCR/text segmentation before production use
2026-09-15T06:36:25.664905+00:00,Peraturan BPOM Nomor 11 Tahun 2019 tentang Bahan Tambahan Pangan,Natrium sulfit (Sodium sulphite ),high,btp_regulation,Pengawet,221,bpom-btp-46,https://jdih.pom.go.id/download/rule/848/11/2019/Bahan%20Tambahan%20Pangan,extracted from official BPOM regulation Annex I; review OCR/text segmentation before production use
2026-09-15T06:36:25.664905+00:00,Peraturan BPOM Nomor 11 Tahun 2019 tentang Bahan Tambahan Pangan,Natrium bisulfit (Sodium bisulphate),high,btp_regulation,Pengawet,222,bpom-btp-47,https://jdih.pom.go.id/download/rule/848/11/2019/Bahan%20Tambahan%20Pangan,extracted from official BPOM regulation Annex I; review OCR/text segmentation before production use
2026-09-15T06:36:25.664905+00:00,Peraturan BPOM Nomor 11 Tahun 2019 tentang Bahan Tambahan Pangan,Kalium sulfit (Potassium sulphite),high,btp_regulation,Pengawet,225,bpom-btp-48,https://jdih.pom.go.id/download/rule/848/11/2019/Bahan%20Tambahan%20Pangan,extracted from official BPOM regulation Annex I; review OCR/text segmentation before production use
2026-09-15T06:36:25.664905+00:00,Peraturan BPOM Nomor 11 Tahun 2019 tentang Bahan Tambahan Pangan,Kalsium bisulfit (Calcium bisulphite),high,btp_regulation,Pengawet,227,bpom-btp-49,https://jdih.pom.go.id/download/rule/848/11/2019/Bahan%20Tambahan%20Pangan,extracted from official BPOM regulation Annex I; review OCR/text segmentation before production use
2026-09-15T06:36:25.664905+00:00,Peraturan BPOM Nomor 11 Tahun 2019 tentang Bahan Tambahan Pangan,Kalium bisulfit (Potassium bisulphite),high,btp_regulation,Pengawet,228,bpom-btp-50,https://jdih.pom.go.id/download/rule/848/11/2019/Bahan%20Tambahan%20Pangan,extracted from official BPOM regulation Annex I; review OCR/text segmentation before production use
2026-09-15T06:36:25.664905+00:00,Peraturan BPOM Nomor 11 Tahun 2019 tentang Bahan Tambahan Pangan,Nitrit (Nitrites): Kalium nitrit (Potassium nitrite),high,btp_regulation,Pengawet,249,bpom-btp-51,https://jdih.pom.go.id/download/rule/848/11/2019/Bahan%20Tambahan%20Pangan,extracted from official BPOM regulation Annex I; review OCR/text segmentation before production use
2026-09-15T06:36:25.664905+00:00,Peraturan BPOM Nomor 11 Tahun 2019 tentang Bahan Tambahan Pangan,Natrium nitrit (Sodium nitrite),high,btp_regulation,Pengawet,250,bpom-btp-52,https://jdih.pom.go.id/download/rule/848/11/2019/Bahan%20Tambahan%20Pangan,extracted from official BPOM regulation Annex I; review OCR/text segmentation before production use
2026-09-15T06:36:25.664905+00:00,Peraturan BPOM Nomor 11 Tahun 2019 tentang Bahan Tambahan Pangan,Nitrat (Nitrates): Natrium nitrat (Sodium nitrate),high,btp_regulation,Pengawet,251,bpom-btp-53,https://jdih.pom.go.id/download/rule/848/11/2019/Bahan%20Tambahan%20Pangan,extracted from official BPOM regulation Annex I; review OCR/text segmentation before production use
2026-09-15T06:36:25.664905+00:00,Peraturan BPOM Nomor 11 Tahun 2019 tentang Bahan Tambahan Pangan,Kalium nitrat (Potassium nitrate),high,btp_regulation,Pengawet,252,bpom-btp-54,https://jdih.pom.go.id/download/rule/848/11/2019/Bahan%20Tambahan%20Pangan,extracted from official BPOM regulation Annex I; review OCR/text segmentation before production use
2026-09-15T06:36:25.664905+00:00,Peraturan BPOM Nomor 11 Tahun 2019 tentang Bahan Tambahan Pangan,Asam propionat (Propionic acid),high,btp_regulation,Pengawet,280,bpom-btp-55,https://jdih.pom.go.id/download/rule/848/11/2019/Bahan%20Tambahan%20Pangan,extracted from official BPOM regulation Annex I; review OCR/text segmentation before production use
2026-09-15T06:36:25.664905+00:00,Peraturan BPOM Nomor 11 Tahun 2019 tentang Bahan Tambahan Pangan,Kalsium propionate (Calcium propionate),high,btp_regulation,Pengawet,282,bpom-btp-56,https://jdih.pom.go.id/download/rule/848/11/2019/Bahan%20Tambahan%20Pangan,extracted from official BPOM regulation Annex I; review OCR/text segmentation before production use
2026-09-15T06:36:25.664905+00:00,Peraturan BPOM Nomor 11 Tahun 2019 tentang Bahan Tambahan Pangan,Kalium propionate (Potassium propionate),high,btp_regulation,Pengawet,283,bpom-btp-57,https://jdih.pom.go.id/download/rule/848/11/2019/Bahan%20Tambahan%20Pangan,extracted from official BPOM regulation Annex I; review OCR/text segmentation before production use
2026-09-15T06:36:25.664905+00:00,Peraturan BPOM Nomor 11 Tahun 2019 tentang Bahan Tambahan Pangan,Natrium dihidrogen sitrat (Sodium,high,btp_regulation,Pengemulsi,331(i),bpom-btp-58,https://jdih.pom.go.id/download/rule/848/11/2019/Bahan%20Tambahan%20Pangan,extracted from official BPOM regulation Annex I; review OCR/text segmentation before production use
2026-09-15T06:36:25.664905+00:00,Peraturan BPOM Nomor 11 Tahun 2019 tentang Bahan Tambahan Pangan,Dinatrium monohidrogen sitrat (Disodium,high,btp_regulation,Pengemulsi,331(ii),bpom-btp-59,https://jdih.pom.go.id/download/rule/848/11/2019/Bahan%20Tambahan%20Pangan,extracted from official BPOM regulation Annex I; review OCR/text segmentation before production use
2026-09-15T06:36:25.664905+00:00,Peraturan BPOM Nomor 11 Tahun 2019 tentang Bahan Tambahan Pangan,Kalium dihidrogen sitrat (Potassium,high,btp_regulation,Pengemulsi,332(i),bpom-btp-60,https://jdih.pom.go.id/download/rule/848/11/2019/Bahan%20Tambahan%20Pangan,extracted from official BPOM regulation Annex I; review OCR/text segmentation before production use
2026-09-15T06:36:25.664905+00:00,Peraturan BPOM Nomor 11 Tahun 2019 tentang Bahan Tambahan Pangan,Mononatrium fosfat (Monosodium,high,btp_regulation,Pengemulsi,339(i),bpom-btp-61,https://jdih.pom.go.id/download/rule/848/11/2019/Bahan%20Tambahan%20Pangan,extracted from official BPOM regulation Annex I; review OCR/text segmentation before production use
2026-09-15T06:36:25.664905+00:00,Peraturan BPOM Nomor 11 Tahun 2019 tentang Bahan Tambahan Pangan,Monokalium fosfat (Monopotassium,high,btp_regulation,Pengemulsi,340(i),bpom-btp-62,https://jdih.pom.go.id/download/rule/848/11/2019/Bahan%20Tambahan%20Pangan,extracted from official BPOM regulation Annex I; review OCR/text segmentation before production use
2026-09-15T06:36:25.664905+00:00,Peraturan BPOM Nomor 11 Tahun 2019 tentang Bahan Tambahan Pangan,Polisorbat (Polysorbates): Polisorbat 20 (Polyoxyethylene (20) sorbitan,high,btp_regulation,Pengemulsi,432,bpom-btp-63,https://jdih.pom.go.id/download/rule/848/11/2019/Bahan%20Tambahan%20Pangan,extracted from official BPOM regulation Annex I; review OCR/text segmentation before production use
2026-09-15T06:36:25.664905+00:00,Peraturan BPOM Nomor 11 Tahun 2019 tentang Bahan Tambahan Pangan,Tetrakalium difosfat (Tetrapotassium,high,btp_regulation,Pengemulsi,450(v),bpom-btp-64,https://jdih.pom.go.id/download/rule/848/11/2019/Bahan%20Tambahan%20Pangan,extracted from official BPOM regulation Annex I; review OCR/text segmentation before production use
2026-09-15T06:36:25.664905+00:00,Peraturan BPOM Nomor 11 Tahun 2019 tentang Bahan Tambahan Pangan,Natrium kalsium polifosfat (Sodium calcium,high,btp_regulation,Pengemulsi,452(iii),bpom-btp-65,https://jdih.pom.go.id/download/rule/848/11/2019/Bahan%20Tambahan%20Pangan,extracted from official BPOM regulation Annex I; review OCR/text segmentation before production use
2026-09-15T06:36:25.664905+00:00,Peraturan BPOM Nomor 11 Tahun 2019 tentang Bahan Tambahan Pangan,Hidroksipropil metil selulosa,high,btp_regulation,Pengemulsi,464,bpom-btp-66,https://jdih.pom.go.id/download/rule/848/11/2019/Bahan%20Tambahan%20Pangan,extracted from official BPOM regulation Annex I; review OCR/text segmentation before production use
2026-09-15T06:36:25.664905+00:00,Peraturan BPOM Nomor 11 Tahun 2019 tentang Bahan Tambahan Pangan,Natrium karboksimetil selulosa (Sodium,high,btp_regulation,Pengemulsi,466,bpom-btp-67,https://jdih.pom.go.id/download/rule/848/11/2019/Bahan%20Tambahan%20Pangan,extracted from official BPOM regulation Annex I; review OCR/text segmentation before production use
2026-09-15T06:36:25.664905+00:00,Peraturan BPOM Nomor 11 Tahun 2019 tentang Bahan Tambahan Pangan,"Asam miristat, palmitat dan stearat dan garamnya(kalsium, kalium, dan natrium (Ca, K, Na)) (Myristic, palmitic & stearic",high,btp_regulation,Pengemulsi,470(i),bpom-btp-68,https://jdih.pom.go.id/download/rule/848/11/2019/Bahan%20Tambahan%20Pangan,extracted from official BPOM regulation Annex I; review OCR/text segmentation before production use
2026-09-15T06:36:25.664905+00:00,Peraturan BPOM Nomor 11 Tahun 2019 tentang Bahan Tambahan Pangan,"Garam-garam dari asam oleat dengan kalsium, kalium dan natrium (Ca, K, Na)",high,btp_regulation,Pengemulsi,470(ii),bpom-btp-69,https://jdih.pom.go.id/download/rule/848/11/2019/Bahan%20Tambahan%20Pangan,extracted from official BPOM regulation Annex I; review OCR/text segmentation before production use
2026-09-15T06:36:25.664905+00:00,Peraturan BPOM Nomor 11 Tahun 2019 tentang Bahan Tambahan Pangan,Mono dan digliserida asam lemak (Mono-,high,btp_regulation,Pengemulsi,471,bpom-btp-70,https://jdih.pom.go.id/download/rule/848/11/2019/Bahan%20Tambahan%20Pangan,extracted from official BPOM regulation Annex I; review OCR/text segmentation before production use
2026-09-15T06:36:25.664905+00:00,Peraturan BPOM Nomor 11 Tahun 2019 tentang Bahan Tambahan Pangan,Ester sukrosa asam lemak (Sucrose esters,high,btp_regulation,Pengemulsi,473,bpom-btp-71,https://jdih.pom.go.id/download/rule/848/11/2019/Bahan%20Tambahan%20Pangan,extracted from official BPOM regulation Annex I; review OCR/text segmentation before production use
2026-09-15T06:36:25.664905+00:00,Peraturan BPOM Nomor 11 Tahun 2019 tentang Bahan Tambahan Pangan,Ester poligliserol asam lemak (Polyglycerol,high,btp_regulation,Pengemulsi,475,bpom-btp-72,https://jdih.pom.go.id/download/rule/848/11/2019/Bahan%20Tambahan%20Pangan,extracted from official BPOM regulation Annex I; review OCR/text segmentation before production use
2026-09-15T06:36:25.664905+00:00,Peraturan BPOM Nomor 11 Tahun 2019 tentang Bahan Tambahan Pangan,Ester poligliserol asam risinoleat terinteresterifikasi Polyglycerol esters of,high,btp_regulation,Pengemulsi,476,bpom-btp-73,https://jdih.pom.go.id/download/rule/848/11/2019/Bahan%20Tambahan%20Pangan,extracted from official BPOM regulation Annex I; review OCR/text segmentation before production use
2026-09-15T06:36:25.664905+00:00,Peraturan BPOM Nomor 11 Tahun 2019 tentang Bahan Tambahan Pangan,Ester propilen glikol asam lemak (Propylene glycol esters,high,btp_regulation,Pengemulsi,477,bpom-btp-74,https://jdih.pom.go.id/download/rule/848/11/2019/Bahan%20Tambahan%20Pangan,extracted from official BPOM regulation Annex I; review OCR/text segmentation before production use
2026-09-15T06:36:25.664905+00:00,Peraturan BPOM Nomor 11 Tahun 2019 tentang Bahan Tambahan Pangan,Sorbitan tristearat (Sorbitan tristearat),high,btp_regulation,Pengemulsi,492,bpom-btp-75,https://jdih.pom.go.id/download/rule/848/11/2019/Bahan%20Tambahan%20Pangan,extracted from official BPOM regulation Annex I; review OCR/text segmentation before production use
2026-09-15T06:36:25.664905+00:00,Peraturan BPOM Nomor 11 Tahun 2019 tentang Bahan Tambahan Pangan,Pati modifikasi enzim (Enzymed treated 1,high,btp_regulation,Pengemulsi,405,bpom-btp-76,https://jdih.pom.go.id/download/rule/848/11/2019/Bahan%20Tambahan%20Pangan,extracted from official BPOM regulation Annex I; review OCR/text segmentation before production use
2026-09-15T06:36:25.664905+00:00,Peraturan BPOM Nomor 11 Tahun 2019 tentang Bahan Tambahan Pangan,Rumput laut eucheuma olahan (Processed 407a eucheuma seaweed) 12. Gom kacang lokus (Locust bean gum),high,btp_regulation,Pengental,410,bpom-btp-77,https://jdih.pom.go.id/download/rule/848/11/2019/Bahan%20Tambahan%20Pangan,extracted from official BPOM regulation Annex I; review OCR/text segmentation before production use
2026-09-15T06:36:25.664905+00:00,Peraturan BPOM Nomor 11 Tahun 2019 tentang Bahan Tambahan Pangan,Ester gliserol resin kayu (Glycerol ester of,high,btp_regulation,Pengental,445(iii),bpom-btp-78,https://jdih.pom.go.id/download/rule/848/11/2019/Bahan%20Tambahan%20Pangan,extracted from official BPOM regulation Annex I; review OCR/text segmentation before production use
2026-09-15T06:36:25.664905+00:00,Peraturan BPOM Nomor 11 Tahun 2019 tentang Bahan Tambahan Pangan,Selulosa mikrokristalin (Microcrystalline,high,btp_regulation,Pengental,460(i),bpom-btp-79,https://jdih.pom.go.id/download/rule/848/11/2019/Bahan%20Tambahan%20Pangan,extracted from official BPOM regulation Annex I; review OCR/text segmentation before production use
2026-09-15T06:36:25.664905+00:00,Peraturan BPOM Nomor 11 Tahun 2019 tentang Bahan Tambahan Pangan,Hidroksipropil selulosa (Hydroxypropyl,high,btp_regulation,Pengental,463,bpom-btp-80,https://jdih.pom.go.id/download/rule/848/11/2019/Bahan%20Tambahan%20Pangan,extracted from official BPOM regulation Annex I; review OCR/text segmentation before production use
2026-09-15T06:36:25.664905+00:00,Peraturan BPOM Nomor 11 Tahun 2019 tentang Bahan Tambahan Pangan,Natrium karboksimetil selulosa (Sodium,high,btp_regulation,Pengental,466,bpom-btp-81,https://jdih.pom.go.id/download/rule/848/11/2019/Bahan%20Tambahan%20Pangan,extracted from official BPOM regulation Annex I; review OCR/text segmentation before production use
2026-09-15T06:36:25.664905+00:00,Peraturan BPOM Nomor 11 Tahun 2019 tentang Bahan Tambahan Pangan,"Natrium karboksimetil selulosa hidrolisa enzim (Sodium carboxymethyl cellulose,",high,btp_regulation,Pengental,469,bpom-btp-82,https://jdih.pom.go.id/download/rule/848/11/2019/Bahan%20Tambahan%20Pangan,extracted from official BPOM regulation Annex I; review OCR/text segmentation before production use
2026-09-15T06:36:25.664905+00:00,Peraturan BPOM Nomor 11 Tahun 2019 tentang Bahan Tambahan Pangan,Mono dan digliserida asam lemak (Mono-,high,btp_regulation,Pengental,471,bpom-btp-83,https://jdih.pom.go.id/download/rule/848/11/2019/Bahan%20Tambahan%20Pangan,extracted from official BPOM regulation Annex I; review OCR/text segmentation before production use
2026-09-15T06:36:25.664905+00:00,Peraturan BPOM Nomor 11 Tahun 2019 tentang Bahan Tambahan Pangan,Fosfat dipati fosfat (Phosphated distarch 1,high,btp_regulation,Pengental,413,bpom-btp-84,https://jdih.pom.go.id/download/rule/848/11/2019/Bahan%20Tambahan%20Pangan,extracted from official BPOM regulation Annex I; review OCR/text segmentation before production use
2026-09-15T06:36:25.664905+00:00,Peraturan BPOM Nomor 11 Tahun 2019 tentang Bahan Tambahan Pangan,Dipati fosfat terasetilasi (Acetylated 1,high,btp_regulation,Pengental,414,bpom-btp-85,https://jdih.pom.go.id/download/rule/848/11/2019/Bahan%20Tambahan%20Pangan,extracted from official BPOM regulation Annex I; review OCR/text segmentation before production use
2026-09-15T06:36:25.664905+00:00,Peraturan BPOM Nomor 11 Tahun 2019 tentang Bahan Tambahan Pangan,Dipati adipat terasetilasi (Acetylated 1,high,btp_regulation,Pengental,422,bpom-btp-86,https://jdih.pom.go.id/download/rule/848/11/2019/Bahan%20Tambahan%20Pangan,extracted from official BPOM regulation Annex I; review OCR/text segmentation before production use
2026-09-15T06:36:25.664905+00:00,Peraturan BPOM Nomor 11 Tahun 2019 tentang Bahan Tambahan Pangan,Hidroksipropil dipati fosfat (Hydroxypropyl 1,high,btp_regulation,Pengental,442,bpom-btp-87,https://jdih.pom.go.id/download/rule/848/11/2019/Bahan%20Tambahan%20Pangan,extracted from official BPOM regulation Annex I; review OCR/text segmentation before production use
2026-09-15T06:36:25.664905+00:00,Peraturan BPOM Nomor 11 Tahun 2019 tentang Bahan Tambahan Pangan,Pati natrium oktenilsuksinat (Starch 1,high,btp_regulation,Pengental,450,bpom-btp-88,https://jdih.pom.go.id/download/rule/848/11/2019/Bahan%20Tambahan%20Pangan,extracted from official BPOM regulation Annex I; review OCR/text segmentation before production use
2026-09-15T06:36:25.664905+00:00,Peraturan BPOM Nomor 11 Tahun 2019 tentang Bahan Tambahan Pangan,Asam L-glutamat dan garamnya (L-Glutamic acid and its salts): Asam L-glutamat (L-Glutamic acid),high,btp_regulation,Penguat rasa,620,bpom-btp-89,https://jdih.pom.go.id/download/rule/848/11/2019/Bahan%20Tambahan%20Pangan,extracted from official BPOM regulation Annex I; review OCR/text segmentation before production use
2026-09-15T06:36:25.664905+00:00,Peraturan BPOM Nomor 11 Tahun 2019 tentang Bahan Tambahan Pangan,Asam guanilat dan garamnya (Guanylic acid and its salts): Asam 5’-guanilat (5’-Guanylic acid),high,btp_regulation,Penguat rasa,626,bpom-btp-90,https://jdih.pom.go.id/download/rule/848/11/2019/Bahan%20Tambahan%20Pangan,extracted from official BPOM regulation Annex I; review OCR/text segmentation before production use
2026-09-15T06:36:25.664905+00:00,Peraturan BPOM Nomor 11 Tahun 2019 tentang Bahan Tambahan Pangan,Kalsium 5’-guanilat (Calcium 5’- guanylate),high,btp_regulation,Penguat rasa,629,bpom-btp-91,https://jdih.pom.go.id/download/rule/848/11/2019/Bahan%20Tambahan%20Pangan,extracted from official BPOM regulation Annex I; review OCR/text segmentation before production use
2026-09-15T06:36:25.664905+00:00,Peraturan BPOM Nomor 11 Tahun 2019 tentang Bahan Tambahan Pangan,Asam inosinat dan garamnya (Inosinic acid and its salts): Asam 5’- inosinat (5’-Inosinic acid),high,btp_regulation,Penguat rasa,630,bpom-btp-92,https://jdih.pom.go.id/download/rule/848/11/2019/Bahan%20Tambahan%20Pangan,extracted from official BPOM regulation Annex I; review OCR/text segmentation before production use
2026-09-15T06:36:25.664905+00:00,Peraturan BPOM Nomor 11 Tahun 2019 tentang Bahan Tambahan Pangan,Kalsium 5’- inosinat (Calcium 5’- inosinate),high,btp_regulation,Penguat rasa,633,bpom-btp-93,https://jdih.pom.go.id/download/rule/848/11/2019/Bahan%20Tambahan%20Pangan,extracted from official BPOM regulation Annex I; review OCR/text segmentation before production use
2026-09-15T06:36:25.664905+00:00,Peraturan BPOM Nomor 11 Tahun 2019 tentang Bahan Tambahan Pangan,Garam-garam dari 5’- ribonukleotida (Salts of 5’ – ribonucleotides): Kalsium 5’- ribonukleotida (Calcium 5’-,high,btp_regulation,Penguat rasa,634,bpom-btp-94,https://jdih.pom.go.id/download/rule/848/11/2019/Bahan%20Tambahan%20Pangan,extracted from official BPOM regulation Annex I; review OCR/text segmentation before production use
2026-09-15T06:36:25.664905+00:00,Peraturan BPOM Nomor 11 Tahun 2019 tentang Bahan Tambahan Pangan,Natrium dihidrogen sitrat (Sodium,high,btp_regulation,Penstabil,331(i),bpom-btp-95,https://jdih.pom.go.id/download/rule/848/11/2019/Bahan%20Tambahan%20Pangan,extracted from official BPOM regulation Annex I; review OCR/text segmentation before production use
2026-09-15T06:36:25.664905+00:00,Peraturan BPOM Nomor 11 Tahun 2019 tentang Bahan Tambahan Pangan,Dinatrium monohidrogen sitrat (Disodium,high,btp_regulation,Penstabil,331(ii),bpom-btp-96,https://jdih.pom.go.id/download/rule/848/11/2019/Bahan%20Tambahan%20Pangan,extracted from official BPOM regulation Annex I; review OCR/text segmentation before production use
2026-09-15T06:36:25.664905+00:00,Peraturan BPOM Nomor 11 Tahun 2019 tentang Bahan Tambahan Pangan,Kalium dihidrogen sitrat (Potassium,high,btp_regulation,Penstabil,332(i),bpom-btp-97,https://jdih.pom.go.id/download/rule/848/11/2019/Bahan%20Tambahan%20Pangan,extracted from official BPOM regulation Annex I; review OCR/text segmentation before production use
2026-09-15T06:36:25.664905+00:00,Peraturan BPOM Nomor 11 Tahun 2019 tentang Bahan Tambahan Pangan,Kalsium fosfat (Calcium phosphates): Monokalsium fosfat (Monocalcium,high,btp_regulation,Penstabil,341(i),bpom-btp-98,https://jdih.pom.go.id/download/rule/848/11/2019/Bahan%20Tambahan%20Pangan,extracted from official BPOM regulation Annex I; review OCR/text segmentation before production use
2026-09-15T06:36:25.664905+00:00,Peraturan BPOM Nomor 11 Tahun 2019 tentang Bahan Tambahan Pangan,Dikalsium fosfat (Dicalcium orthophosphate),high,btp_regulation,Penstabil,341(ii),bpom-btp-99,https://jdih.pom.go.id/download/rule/848/11/2019/Bahan%20Tambahan%20Pangan,extracted from official BPOM regulation Annex I; review OCR/text segmentation before production use
2026-09-15T06:36:25.664905+00:00,Peraturan BPOM Nomor 11 Tahun 2019 tentang Bahan Tambahan Pangan,Rumput laut eucheuma olahan (Processed 407a eucheuma seaweed) 29. Gom kacang lokus (Locust bean gum),high,btp_regulation,Penstabil,410,bpom-btp-100,https://jdih.pom.go.id/download/rule/848/11/2019/Bahan%20Tambahan%20Pangan,extracted from official BPOM regulation Annex I; review OCR/text segmentation before production use
2026-09-15T06:36:25.664905+00:00,Peraturan BPOM Nomor 11 Tahun 2019 tentang Bahan Tambahan Pangan,Ester gliserol resin kayu (Glycerol ester of,high,btp_regulation,Penstabil,445(iii),bpom-btp-101,https://jdih.pom.go.id/download/rule/848/11/2019/Bahan%20Tambahan%20Pangan,extracted from official BPOM regulation Annex I; review OCR/text segmentation before production use
2026-09-15T06:36:25.664905+00:00,Peraturan BPOM Nomor 11 Tahun 2019 tentang Bahan Tambahan Pangan,Tetranatrium difosfat (Tetrasodium,high,btp_regulation,Penstabil,450(iii),bpom-btp-102,https://jdih.pom.go.id/download/rule/848/11/2019/Bahan%20Tambahan%20Pangan,extracted from official BPOM regulation Annex I; review OCR/text segmentation before production use
2026-09-15T06:36:25.664905+00:00,Peraturan BPOM Nomor 11 Tahun 2019 tentang Bahan Tambahan Pangan,Tetrakalium difosfat (Tetrapotassium,high,btp_regulation,Penstabil,450(v),bpom-btp-103,https://jdih.pom.go.id/download/rule/848/11/2019/Bahan%20Tambahan%20Pangan,extracted from official BPOM regulation Annex I; review OCR/text segmentation before production use
2026-09-15T06:36:25.664905+00:00,Peraturan BPOM Nomor 11 Tahun 2019 tentang Bahan Tambahan Pangan,"Natrium karboksimetil selulosa hidrolisa enzim (Sodium carboxymethyl cellulose,",high,btp_regulation,Penstabil,469,bpom-btp-104,https://jdih.pom.go.id/download/rule/848/11/2019/Bahan%20Tambahan%20Pangan,extracted from official BPOM regulation Annex I; review OCR/text segmentation before production use
2026-09-15T06:36:25.664905+00:00,Peraturan BPOM Nomor 11 Tahun 2019 tentang Bahan Tambahan Pangan,"Asam miristat, palmitat dan stearat dan garamnya(kalsium, kalium, dan natrium (Ca, K, Na) (Myristic, palmitic & stearic acids",high,btp_regulation,Penstabil,470(i),bpom-btp-105,https://jdih.pom.go.id/download/rule/848/11/2019/Bahan%20Tambahan%20Pangan,extracted from official BPOM regulation Annex I; review OCR/text segmentation before production use
2026-09-15T06:36:25.664905+00:00,Peraturan BPOM Nomor 11 Tahun 2019 tentang Bahan Tambahan Pangan,"Garam-garam dari asam oleat dengan kalsium, kalium dan natrium (Ca, K, Na)",high,btp_regulation,Penstabil,470(ii),bpom-btp-106,https://jdih.pom.go.id/download/rule/848/11/2019/Bahan%20Tambahan%20Pangan,extracted from official BPOM regulation Annex I; review OCR/text segmentation before production use
2026-09-15T06:36:25.664905+00:00,Peraturan BPOM Nomor 11 Tahun 2019 tentang Bahan Tambahan Pangan,Mono dan digliserida asam lemak (Mono-,high,btp_regulation,Penstabil,471,bpom-btp-107,https://jdih.pom.go.id/download/rule/848/11/2019/Bahan%20Tambahan%20Pangan,extracted from official BPOM regulation Annex I; review OCR/text segmentation before production use
2026-09-15T06:36:25.664905+00:00,Peraturan BPOM Nomor 11 Tahun 2019 tentang Bahan Tambahan Pangan,Ester poligliserol asam risinoleat terinteresterifikasi (Polyglycerol esters of,high,btp_regulation,Penstabil,476,bpom-btp-108,https://jdih.pom.go.id/download/rule/848/11/2019/Bahan%20Tambahan%20Pangan,extracted from official BPOM regulation Annex I; review OCR/text segmentation before production use
2026-09-15T06:36:25.664905+00:00,Peraturan BPOM Nomor 11 Tahun 2019 tentang Bahan Tambahan Pangan,Natrium hidrogen karbonat (Sodium,high,btp_regulation,Penstabil,500(ii),bpom-btp-109,https://jdih.pom.go.id/download/rule/848/11/2019/Bahan%20Tambahan%20Pangan,extracted from official BPOM regulation Annex I; review OCR/text segmentation before production use
2026-09-15T06:36:25.664905+00:00,Peraturan BPOM Nomor 11 Tahun 2019 tentang Bahan Tambahan Pangan,Kalium hidrogen karbonat (Potassium,high,btp_regulation,Penstabil,501(ii),bpom-btp-110,https://jdih.pom.go.id/download/rule/848/11/2019/Bahan%20Tambahan%20Pangan,extracted from official BPOM regulation Annex I; review OCR/text segmentation before production use
2026-09-15T06:36:25.664905+00:00,Peraturan BPOM Nomor 11 Tahun 2019 tentang Bahan Tambahan Pangan,Amonium hidrogen karbonat (Ammonium,high,btp_regulation,Penstabil,503(ii),bpom-btp-111,https://jdih.pom.go.id/download/rule/848/11/2019/Bahan%20Tambahan%20Pangan,extracted from official BPOM regulation Annex I; review OCR/text segmentation before production use
2026-09-15T06:36:25.664905+00:00,Peraturan BPOM Nomor 11 Tahun 2019 tentang Bahan Tambahan Pangan,Natrium stearoil-2-laktilat (Sodium stearoyl-,high,btp_regulation,Perlakuan Tepung,481(i),bpom-btp-112,https://jdih.pom.go.id/download/rule/848/11/2019/Bahan%20Tambahan%20Pangan,extracted from official BPOM regulation Annex I; review OCR/text segmentation before production use
2026-09-15T06:36:25.664905+00:00,Peraturan BPOM Nomor 11 Tahun 2019 tentang Bahan Tambahan Pangan,"Riboflavin (Riboflavins): Riboflavin (sintetik) (Riboflavin, synthetic)",high,btp_regulation,Pewarna,101(i),bpom-btp-113,https://jdih.pom.go.id/download/rule/848/11/2019/Bahan%20Tambahan%20Pangan,extracted from official BPOM regulation Annex I; review OCR/text segmentation before production use
2026-09-15T06:36:25.664905+00:00,Peraturan BPOM Nomor 11 Tahun 2019 tentang Bahan Tambahan Pangan,Riboflavin 5’- natrium fosfat (Riboflavin 5',high,btp_regulation,Pewarna,101(ii),bpom-btp-114,https://jdih.pom.go.id/download/rule/848/11/2019/Bahan%20Tambahan%20Pangan,extracted from official BPOM regulation Annex I; review OCR/text segmentation before production use
2026-09-15T06:36:25.664905+00:00,Peraturan BPOM Nomor 11 Tahun 2019 tentang Bahan Tambahan Pangan,Karmin dan ekstrak cochineal CI. No. 75470 (Carmines and cochineal extract): Karmin CI. No. 75470 (Carmines),high,btp_regulation,Pewarna,120,bpom-btp-115,https://jdih.pom.go.id/download/rule/848/11/2019/Bahan%20Tambahan%20Pangan,extracted from official BPOM regulation Annex I; review OCR/text segmentation before production use
2026-09-15T06:36:25.664905+00:00,Peraturan BPOM Nomor 11 Tahun 2019 tentang Bahan Tambahan Pangan,Klorofil dan klorofilin tembaga kompleks CI. copper complexes) Klorofil tembaga kompleks CI. No. 75,high,btp_regulation,Pewarna,810,bpom-btp-116,https://jdih.pom.go.id/download/rule/848/11/2019/Bahan%20Tambahan%20Pangan,extracted from official BPOM regulation Annex I; review OCR/text segmentation before production use
2026-09-15T06:36:25.664905+00:00,Peraturan BPOM Nomor 11 Tahun 2019 tentang Bahan Tambahan Pangan,Klorofilin tembaga kompleks CI. No. 75,high,btp_regulation,Pewarna,815,bpom-btp-117,https://jdih.pom.go.id/download/rule/848/11/2019/Bahan%20Tambahan%20Pangan,extracted from official BPOM regulation Annex I; review OCR/text segmentation before production use
2026-09-15T06:36:25.664905+00:00,Peraturan BPOM Nomor 11 Tahun 2019 tentang Bahan Tambahan Pangan,"(Chlorophyllin copper complexes, sodium",high,btp_regulation,Pewarna,141(ii),bpom-btp-118,https://jdih.pom.go.id/download/rule/848/11/2019/Bahan%20Tambahan%20Pangan,extracted from official BPOM regulation Annex I; review OCR/text segmentation before production use
2026-09-15T06:36:25.664905+00:00,Peraturan BPOM Nomor 11 Tahun 2019 tentang Bahan Tambahan Pangan,Karbon tanaman CI. 77266 (Vegetable,high,btp_regulation,Pewarna,153,bpom-btp-119,https://jdih.pom.go.id/download/rule/848/11/2019/Bahan%20Tambahan%20Pangan,extracted from official BPOM regulation Annex I; review OCR/text segmentation before production use
2026-09-15T06:36:25.664905+00:00,Peraturan BPOM Nomor 11 Tahun 2019 tentang Bahan Tambahan Pangan,Extract from Tomato) Beta-apo-8’-karotenal CI. No. 40820 (beta- 160e Apo-8'- Carotenal) Etil ester dari beta-apo-8’asam karotenoat CI. No. 40825 (beta-apo-8'-Carotenoic acid 160f ethyl ester) 14. Merah bit (Beet red),high,btp_regulation,Pewarna,162,bpom-btp-120,https://jdih.pom.go.id/download/rule/848/11/2019/Bahan%20Tambahan%20Pangan,extracted from official BPOM regulation Annex I; review OCR/text segmentation before production use
2026-09-15T06:36:25.664905+00:00,Peraturan BPOM Nomor 11 Tahun 2019 tentang Bahan Tambahan Pangan,Titanium dioksida CI. No. 77891 (Titanium,high,btp_regulation,Pewarna,171,bpom-btp-121,https://jdih.pom.go.id/download/rule/848/11/2019/Bahan%20Tambahan%20Pangan,extracted from official BPOM regulation Annex I; review OCR/text segmentation before production use
2026-09-15T06:36:25.664905+00:00,Peraturan BPOM Nomor 11 Tahun 2019 tentang Bahan Tambahan Pangan,Biru berlian FCF CI No. 42090 (Brilliant,high,btp_regulation,Pewarna,133,bpom-btp-122,https://jdih.pom.go.id/download/rule/848/11/2019/Bahan%20Tambahan%20Pangan,extracted from official BPOM regulation Annex I; review OCR/text segmentation before production use
2026-09-15T06:36:25.664905+00:00,Peraturan BPOM Nomor 11 Tahun 2019 tentang Bahan Tambahan Pangan,Butana (Butane) 943a 4. Propana (Propane),high,btp_regulation,Propelan,944,bpom-btp-123,https://jdih.pom.go.id/download/rule/848/11/2019/Bahan%20Tambahan%20Pangan,extracted from official BPOM regulation Annex I; review OCR/text segmentation before production use
2026-09-15T06:36:25.664905+00:00,Peraturan BPOM Nomor 11 Tahun 2019 tentang Bahan Tambahan Pangan,Kalsium dinatrium etilen diamin tetra asetat (Calcium disodium ethylene diamine,high,btp_regulation,Sekuestran,385,bpom-btp-124,https://jdih.pom.go.id/download/rule/848/11/2019/Bahan%20Tambahan%20Pangan,extracted from official BPOM regulation Annex I; review OCR/text segmentation before production use
